{"cameraMode":{"drawMode":0,"name":"Shaded","section":"Shading Mode"},"sceneLighting":true,"audioPlay":false,"sceneViewState":{"showFog":true,"showMaterialUpdate":false,"showSkybox":true,"showFlares":true,"showImageEffects":true,"showParticleSystems":true},"in2DMode":false,"pivot":{"x":2.642463207244873,"y":2.9778528213500978,"z":-2.217836618423462},"rotation":{"x":-0.08802913129329682,"y":0.9039312601089478,"z":-0.22582054138183595,"w":-0.35236960649490359},"size":23.17902374267578,"orthographic":false}